"Freq [GHz]","dB(St(1,1)) []"
1.2,-7.90845025541241
1.206,-7.32858385647404
1.212,-6.81757155339333
1.218,-6.37797911286186
1.224,-6.0143683387328
1.23,-5.73200470197072
1.236,-5.53558636514785
1.242,-5.42805131366561
1.248,-5.40955368690357
1.254,-5.47679046365034
1.26,-5.62290438121193
1.266,-5.83809324835788
1.272,-6.11081324873592
1.278,-6.42918847593671
1.284,-6.78210014751353
1.29,-7.15953979508692
1.296,-7.55217222123097
1.302,-7.95057484921292
1.308,-8.34510746494557
1.314,-8.72742785900933
1.32,-9.09380363649173
1.326,-9.44870780611175
1.332,-9.80622052688032
1.338,-10.1880534067798
1.344,-10.6196073192773
1.35,-11.1266584173055
1.356,-11.7342653381037
1.362,-12.4679761375594
1.368,-13.3568285517177
1.374,-14.4380480224908
1.38,-15.7643700889257
1.386,-17.4166245888675
1.392,-19.5272749993138
1.398,-22.3223871731256
1.404,-26.1152577704063
1.41,-29.9146694465924
1.416,-27.9855494467959
1.422,-23.9067594803442
1.428,-20.8306693929044
1.434,-18.5787737111484
1.44,-16.877984751292
1.446,-15.5653643849284
1.452,-14.5418647922201
1.458,-13.740532426427
1.464,-13.1104183809867
1.47,-12.6102658860831
1.476,-12.2082120662133
1.482,-11.8835663513064
1.488,-11.6270421880126
1.494,-11.4382371892282
1.5,-11.3217410502866
1.506,-11.2838351914778
1.512,-11.330777939135
1.518,-11.4686491021208
1.524,-11.7041787065099
1.53,-12.0455029540537
1.536,-12.5009834751087
1.542,-13.0735415871245
1.548,-13.749055968908
1.554,-14.4817601195932
1.56,-15.1858420413284
1.566,-15.7463662352827
1.572,-16.0575915597768
1.578,-16.0731375658227
1.584,-15.8264240494516
1.59,-15.4020042702233
1.596,-14.8899195303955
1.602,-14.3585896255293
1.608,-13.8495945115807
1.614,-13.3823357176139
1.62,-12.9600938111626
1.626,-12.5750926638129
1.632,-12.2131086018178
1.638,-11.8581357616287
1.644,-11.4957973291726
1.65,-11.1139323527064
1.656,-10.7024667125206
1.662,-10.2559398649629
1.668,-9.77697505371301
1.674,-9.27664025425892
1.68,-8.77129519249523
1.686,-8.27842525937672
1.692,-7.81354737965976
1.698,-7.3887552207318
1.704,-7.01253043388567
1.71,-6.69022782897445
1.716,-6.42477234942634
1.722,-6.21730355134933
1.728,-6.06765503373215
1.734,-5.97462134121856
1.74,-5.93597550973328
1.746,-5.94840549718253
1.752,-6.00809049864061
1.758,-6.11262000023849
1.764,-6.26342610103618
1.77,-6.46663487589072
1.776,-6.73128009105223
1.782,-7.06537946843136
1.788,-7.47021313769261
1.794,-7.93268358117959
1.8,-8.41858652470232
1.806,-8.87712677201049
1.812,-9.26691326681946
1.818,-9.58736086991404
1.824,-9.87936429892016
1.83,-10.1971379067227
1.836,-10.587802581363
1.842,-11.0909142209498
1.848,-11.742840901139
1.854,-12.5705901626448
1.86,-13.5671595247684
1.866,-14.6476013482099
1.872,-15.6072030260242
1.878,-16.1629994637289
1.884,-16.1520621818521
1.89,-15.682949981506
1.896,-15.0027227631748
1.902,-14.3078611433739
1.908,-13.7008527077982
1.914,-13.2212984607701
1.92,-12.8766245370342
1.926,-12.6585948621198
1.932,-12.5506480247601
1.938,-12.5314117490669
1.944,-12.5775601913354
1.95,-12.6669192768153
1.956,-12.7809393012018
1.962,-12.9056828927452
1.968,-13.0316215908024
1.974,-13.1520598779788
1.98,-13.2583753396394
1.986,-13.3314546393899
1.992,-13.3350843760915
1.998,-13.2252199843529
2.004,-12.9820013446794
2.01,-12.636971309371
2.016,-12.2590837611006
2.022,-11.9167715804359
2.028,-11.657088038448
2.034,-11.5077607145345
2.04,-11.4873286151769
2.046,-11.6144303653962
2.052,-11.9146331892012
2.058,-12.4251965433686
2.064,-13.1979400099311
2.07,-14.3003481292567
2.076,-15.8164040359017
2.082,-17.8508179121994
2.088,-20.5325365440432
2.094,-23.911535755946
2.1,-26.9582518275536
2.106,-26.3729001932326
2.112,-23.5722223259004
2.118,-21.1387135891437
2.124,-19.3476356252414
2.13,-18.0592658221611
2.136,-17.1486820904777
2.142,-16.5356090843148
2.148,-16.1748176934113
2.154,-16.0443821949521
2.16,-16.137159015135
2.166,-16.4575675226989
2.172,-17.0222554720325
2.178,-17.860418520671
2.184,-19.0037675983491
2.19,-20.43663116794
2.196,-21.942606709232
2.202,-22.9155817801319
2.208,-22.8458081576382
2.214,-22.1999531880587
2.22,-21.7610791995101
2.226,-21.9724919914359
2.232,-23.1278192059845
2.238,-25.7047677638128
2.244,-30.8446235791942
2.25,-33.1841704535445
2.256,-25.6762272336672
2.262,-20.9175344488481
2.268,-17.7969928197127
2.274,-15.6071849643638
2.28,-14.0456215004456
2.286,-12.9609517729627
2.292,-12.2669535611597
2.298,-11.910903083875
2.304,-11.8613140282481
2.31,-12.0990892667623
2.316,-12.6037762206915
2.322,-13.329769735579
2.328,-14.1661051472545
2.334,-14.890926195221
2.34,-15.2070481674022
2.346,-14.9584342169418
2.352,-14.2933070794761
2.358,-13.4910838626531
2.364,-12.7467793958564
2.37,-12.1388030217227
2.376,-11.6764474698725
2.382,-11.340949434631
2.388,-11.1084459431323
2.394,-10.961539411397
2.4,-10.8945258820277
2.406,-10.9144788493764
2.412,-11.0391408092062
2.418,-11.2921960057571
2.424,-11.6957823667683
2.43,-12.2584206878558
2.436,-12.9550316377562
2.442,-13.6996865784823
2.448,-14.3330019117566
2.454,-14.6782172249309
2.46,-14.6705025365112
2.466,-14.4119364421421
2.472,-14.0722337634462
2.478,-13.7820861861512
2.484,-13.6112445390062
2.49,-13.5902287119155
2.496,-13.7326383366854
2.502,-14.0480499493995
2.508,-14.5486967634871
2.514,-15.2540743571801
2.52,-16.1958145231764
2.526,-17.424190756128
2.532,-19.018392986901
2.538,-21.103513342821
2.544,-23.864151678106
2.55,-27.3767039009216
2.556,-29.9082315912216
2.562,-27.8643615483929
2.568,-24.5588824006033
2.574,-21.9469335607062
2.58,-19.960705622448
2.586,-18.3898020937763
2.592,-17.094018996054
2.598,-15.9941989764738
2.604,-15.0486777831811
2.61,-14.2342857655655
2.616,-13.5351178557519
2.622,-12.9379404358096
2.628,-12.4314148454355
2.634,-12.0071084137098
2.64,-11.6615590141674
2.646,-11.3984969185235
2.652,-11.2285010425288
2.658,-11.1638478765346
2.664,-11.2120187778319
2.67,-11.374004530773
2.676,-11.6474715471609
2.682,-12.0302698591113
2.688,-12.5220181666877
2.694,-13.1247665398433
2.7,-13.8446018321529
2.706,-14.6950921437612
2.712,-15.7018949542637
2.718,-16.9071479704191
2.724,-18.3721185051562
2.73,-20.1705372723714
2.736,-22.3279149685795
2.742,-24.5153447323494
2.748,-25.3995906799395
2.754,-24.0764523859788
2.76,-22.0019620892915
2.766,-20.2564302910662
2.772,-19.0269227874898
2.778,-18.2131015909507
2.784,-17.6179688354035
2.79,-17.0232637448677
2.796,-16.2901058836397
2.802,-15.4202070498554
2.808,-14.5054315021138
2.814,-13.6401837036474
2.82,-12.8818729400629
2.826,-12.2535008920561
2.832,-11.7568148639706
2.838,-11.3819815825833
2.844,-11.1122236091339
2.85,-10.9253192934105
2.856,-10.7943814436329
2.862,-10.6903058765111
2.868,-10.587175936632
2.874,-10.4690162068666
2.88,-10.3336466563323
2.886,-10.1907664008587
2.892,-10.0561697692786
2.898,-9.94649572819855
2.904,-9.87674971782662
2.91,-9.85962554004013
2.916,-9.90481307712865
2.922,-10.0177475353541
2.928,-10.1986065757701
2.934,-10.4424898453902
2.94,-10.7407938685203
2.946,-11.0827756196621
2.952,-11.4559797831704
2.958,-11.8448495896378
2.964,-12.2282891078241
2.97,-12.578858574462
2.976,-12.8676138465347
2.982,-13.0763021407536
2.988,-13.2105954659828
2.994,-13.3022065318513
3,-13.3960811089356
3.006,-13.5324507303524
3.012,-13.7336386718138
3.018,-13.9976352728092
3.024,-14.2993295902277
3.03,-14.6027801926092
3.036,-14.8815758595823
3.042,-15.1319450969779
3.048,-15.3665915648728
3.054,-15.5977534641977
3.06,-15.8261845886543
3.066,-16.0413728650956
3.072,-16.2279142530966
3.078,-16.3721342817126
3.084,-16.4660433909922
3.09,-16.5081233842946
3.096,-16.5018089040664
3.102,-16.4531353174394
3.108,-16.3688903890448
3.114,-16.2559256500252
3.12,-16.1215341456233
3.126,-15.9743196725214
3.132,-15.8247441028113
3.138,-15.6846349827731
3.144,-15.5656656635611
3.15,-15.4777602387967
3.156,-15.4284035949152
3.162,-15.4227655794827
3.168,-15.4636091672572
3.174,-15.5501838551379
3.18,-15.6764374058
3.186,-15.8299877149338
3.192,-15.993560460028
3.198,-16.1494461487959
3.204,-16.2853198159667
3.21,-16.3982828813885
3.216,-16.4948154279116
3.222,-16.5868769085261
3.228,-16.6866938798385
3.234,-16.803404708969
3.24,-16.9430579781988
3.246,-17.1101496253845
3.252,-17.307412214914
3.258,-17.533571406794
3.264,-17.7825687638824
3.27,-18.0474166507477
3.276,-18.3280653306742
3.282,-18.6391979862768
3.288,-19.0140640070311
3.294,-19.5045132991465
3.3,-20.1811475117513
3.306,-21.1381126344263
3.312,-22.5074798848289
3.318,-24.4917506703394
3.324,-27.4073774060711
3.33,-31.2600443271812
3.336,-31.5317684153273
3.342,-26.9911505356042
3.348,-23.1081545881756
3.354,-20.2180072585537
3.36,-18.0039756106444
3.366,-16.2701801323705
3.372,-14.9041564011134
3.378,-13.8333382882998
3.384,-13.0026062198693
3.39,-12.3651300084688
3.396,-11.8808295019992
3.402,-11.5183497412847
3.408,-11.2574627814357
3.414,-11.0900709164427
3.42,-11.0192925777624
3.426,-11.0566589632347
3.432,-11.2171453014108
3.438,-11.5117334565907
3.444,-11.9388055914592
3.45,-12.4785486930935
3.456,-13.0953667445964
3.462,-13.7488927589733
3.468,-14.4080484396828
3.474,-15.0620929599381
3.48,-15.7269514553156
3.486,-16.4467814565548
3.492,-17.2895645939122
3.498,-18.3368035477479
3.504,-19.6674354986851
3.51,-21.3213113267184
3.516,-23.176703260808
3.522,-24.6335195573081
3.528,-24.6538060014522
3.534,-23.2717418538517
3.54,-21.5159902192456
3.546,-19.9424353868583
3.552,-18.6551246708862
3.558,-17.6207094242076
3.564,-16.7889121080059
3.57,-16.1237785985293
3.576,-15.6054766618897
3.582,-15.2242071257954
3.588,-14.9742287703996
3.594,-14.8492099722678
3.6,-14.8400462662884
